region,all_prisons,facilities_confirmed_ag,pct
Midwest,215,125,0.5813953488372093
Northeast,140,66,0.4714285714285714
South,494,328,0.6639676113360324
West,148,83,0.5608108108108109
