region,all_facilities,facilities_confirmed_ag,pct
Midwest,235,158,0.6723404255319149
Northeast,153,69,0.45098039215686275
South,555,322,0.5801801801801801
West,157,101,0.643312101910828
